{"(10, 'Euclideana')": [0.0007541478129713424, 0.0008618832148243913, 0.0008618832148243913], "(10, 'Coseno')": [0.001292824822236587, 0.001292824822236587, 0.001292824822236587], "(10, 'Manhattan')": [0.0007541478129713424, 0.0008618832148243913, 0.0008618832148243913], "(50, 'Euclideana')": [0.0019392372333548805, 0.0019392372333548805, 0.0019392372333548805], "(50, 'Coseno')": [0.003447532859297565, 0.003447532859297565, 0.003447532859297565], "(50, 'Manhattan')": [0.0030165912518853697, 0.003232062055591467, 0.003232062055591467], "(100, 'Euclideana')": [0.004740357681534152, 0.00495582848524025, 0.00495582848524025], "(100, 'Coseno')": [0.0070028011204481795, 0.007110536522301228, 0.007110536522301228], "(100, 'Manhattan')": [0.004848093083387201, 0.005171299288946348, 0.005171299288946348]}